Model,Feature_Set,Target,Accuracy,Precision,Recall,F1_Score,Train_Samples,Test_Samples,Trained_Model,Class_Report
Logistic Regression,All_Features,Expression,0.7834645669291339,0.783752145983838,0.7834645669291339,0.783181753120644,22348,5588,"LogisticRegression(max_iter=3000, random_state=42)","{'0': {'precision': 0.7123655913978495, 'recall': 0.6206088992974239, 'f1-score': 0.6633291614518148, 'support': 427.0}, '1': {'precision': 0.7908163265306123, 'recall': 0.7868020304568528, 'f1-score': 0.7888040712468194, 'support': 788.0}, '2': {'precision': 0.8697183098591549, 'recall': 0.8790035587188612, 'f1-score': 0.8743362831858407, 'support': 562.0}, '3': {'precision': 0.7513812154696132, 'recall': 0.7418181818181818, 'f1-score': 0.7465690759377859, 'support': 550.0}, '4': {'precision': 0.791907514450867, 'recall': 0.7597042513863216, 'f1-score': 0.7754716981132076, 'support': 541.0}, '5': {'precision': 0.7236693091732729, 'recall': 0.7544273907910272, 'f1-score': 0.738728323699422, 'support': 847.0}, '6': {'precision': 0.7072538860103627, 'recall': 0.7541436464088398, 'f1-score': 0.7299465240641712, 'support': 724.0}, '7': {'precision': 0.8846153846153846, 'recall': 0.8795411089866156, 'f1-score': 0.8820709491850431, 'support': 523.0}, '8': {'precision': 0.8532695374800638, 'recall': 0.854632587859425, 'f1-score': 0.8539505187549881, 'support': 626.0}, 'accuracy': 0.7834645669291339, 'macro avg': {'precision': 0.7872218972207979, 'recall': 0.7811868506359498, 'f1-score': 0.783689622848788, 'support': 5588.0}, 'weighted avg': {'precision': 0.783752145983838, 'recall': 0.7834645669291339, 'f1-score': 0.783181753120644, 'support': 5588.0}}"
Logistic Regression,PCA_75,Expression,0.7482104509663565,0.7477870738632261,0.7482104509663565,0.747261623819615,22348,5588,"LogisticRegression(max_iter=3000, random_state=42)","{'0': {'precision': 0.6822157434402333, 'recall': 0.5480093676814989, 'f1-score': 0.6077922077922078, 'support': 427.0}, '1': {'precision': 0.7151741293532339, 'recall': 0.7296954314720813, 'f1-score': 0.7223618090452262, 'support': 788.0}, '2': {'precision': 0.8421985815602837, 'recall': 0.8451957295373665, 'f1-score': 0.8436944937833037, 'support': 562.0}, '3': {'precision': 0.7145454545454546, 'recall': 0.7145454545454546, 'f1-score': 0.7145454545454546, 'support': 550.0}, '4': {'precision': 0.7587548638132295, 'recall': 0.7208872458410351, 'f1-score': 0.7393364928909952, 'support': 541.0}, '5': {'precision': 0.6958997722095672, 'recall': 0.7213695395513577, 'f1-score': 0.7084057971014492, 'support': 847.0}, '6': {'precision': 0.681045751633987, 'recall': 0.7196132596685083, 'f1-score': 0.699798522498321, 'support': 724.0}, '7': {'precision': 0.8503787878787878, 'recall': 0.858508604206501, 'f1-score': 0.8544243577545195, 'support': 523.0}, '8': {'precision': 0.8302180685358256, 'recall': 0.8514376996805112, 'f1-score': 0.8406940063091483, 'support': 626.0}, 'accuracy': 0.7482104509663565, 'macro avg': {'precision': 0.7522701281078448, 'recall': 0.7454735924649238, 'f1-score': 0.7478947935245139, 'support': 5588.0}, 'weighted avg': {'precision': 0.7477870738632261, 'recall': 0.7482104509663565, 'f1-score': 0.747261623819615, 'support': 5588.0}}"
Logistic Regression,KBest_100,Expression,0.6290264853256979,0.6330869618505247,0.6290264853256979,0.6264785857207168,22348,5588,"LogisticRegression(max_iter=3000, random_state=42)","{'0': {'precision': 0.6447368421052632, 'recall': 0.3442622950819672, 'f1-score': 0.4488549618320611, 'support': 427.0}, '1': {'precision': 0.6478696741854637, 'recall': 0.6560913705583756, 'f1-score': 0.6519546027742749, 'support': 788.0}, '2': {'precision': 0.8240574506283662, 'recall': 0.8167259786476868, 'f1-score': 0.8203753351206434, 'support': 562.0}, '3': {'precision': 0.6277227722772277, 'recall': 0.5763636363636364, 'f1-score': 0.6009478672985782, 'support': 550.0}, '4': {'precision': 0.6360225140712945, 'recall': 0.6266173752310537, 'f1-score': 0.6312849162011173, 'support': 541.0}, '5': {'precision': 0.5378531073446328, 'recall': 0.5619834710743802, 'f1-score': 0.5496535796766744, 'support': 847.0}, '6': {'precision': 0.5211111111111111, 'recall': 0.6477900552486188, 'f1-score': 0.5775862068965517, 'support': 724.0}, '7': {'precision': 0.7992700729927007, 'recall': 0.8374760994263862, 'f1-score': 0.8179271708683473, 'support': 523.0}, '8': {'precision': 0.556782334384858, 'recall': 0.5638977635782748, 'f1-score': 0.5603174603174603, 'support': 626.0}, 'accuracy': 0.6290264853256979, 'macro avg': {'precision': 0.6439362087889908, 'recall': 0.6256897828011534, 'f1-score': 0.6287669001095231, 'support': 5588.0}, 'weighted avg': {'precision': 0.6330869618505247, 'recall': 0.6290264853256979, 'f1-score': 0.6264785857207168, 'support': 5588.0}}"
Logistic Regression,All_Features,Label,0.8367931281317108,0.8178016726403823,0.6928137651821862,0.7501369863013698,22348,5588,"LogisticRegression(max_iter=3000, random_state=42)","{'0': {'precision': 0.8449156872764435, 'recall': 0.9155592469545958, 'f1-score': 0.8788200903534414, 'support': 3612.0}, '1': {'precision': 0.8178016726403823, 'recall': 0.6928137651821862, 'f1-score': 0.7501369863013698, 'support': 1976.0}, 'accuracy': 0.8367931281317108, 'macro avg': {'precision': 0.831358679958413, 'recall': 0.804186506068391, 'f1-score': 0.8144785383274056, 'support': 5588.0}, 'weighted avg': {'precision': 0.8353277679992679, 'recall': 0.8367931281317108, 'f1-score': 0.8333158287917211, 'support': 5588.0}}"
Logistic Regression,PCA_75,Label,0.8117394416607016,0.7938931297709924,0.631578947368421,0.7034949267192785,22348,5588,"LogisticRegression(max_iter=3000, random_state=42)","{'0': {'precision': 0.8187250996015937, 'recall': 0.9102990033222591, 'f1-score': 0.8620870477189303, 'support': 3612.0}, '1': {'precision': 0.7938931297709924, 'recall': 0.631578947368421, 'f1-score': 0.7034949267192785, 'support': 1976.0}, 'accuracy': 0.8117394416607016, 'macro avg': {'precision': 0.8063091146862931, 'recall': 0.7709389753453401, 'f1-score': 0.7827909872191043, 'support': 5588.0}, 'weighted avg': {'precision': 0.8099441453451034, 'recall': 0.8117394416607016, 'f1-score': 0.8060065124477579, 'support': 5588.0}}"
Logistic Regression,KBest_100,Label,0.8065497494631353,0.7969475779694758,0.6077935222672065,0.6896353718059144,22348,5588,"LogisticRegression(max_iter=3000, random_state=42)","{'0': {'precision': 0.810095564812546, 'recall': 0.915282392026578, 'f1-score': 0.8594826465618094, 'support': 3612.0}, '1': {'precision': 0.7969475779694758, 'recall': 0.6077935222672065, 'f1-score': 0.6896353718059144, 'support': 1976.0}, 'accuracy': 0.8065497494631353, 'macro avg': {'precision': 0.8035215713910109, 'recall': 0.7615379571468923, 'f1-score': 0.7745590091838619, 'support': 5588.0}, 'weighted avg': {'precision': 0.8054462409038298, 'recall': 0.8065497494631353, 'f1-score': 0.7994221213439051, 'support': 5588.0}}"
K-Nearest Neighbors,All_Features,Expression,0.9405869720830351,0.9409846920521103,0.9405869720830351,0.9405439357485599,22348,5588,KNeighborsClassifier(),"{'0': {'precision': 0.8817204301075269, 'recall': 0.9601873536299765, 'f1-score': 0.9192825112107623, 'support': 427.0}, '1': {'precision': 0.9399477806788512, 'recall': 0.9137055837563451, 'f1-score': 0.9266409266409267, 'support': 788.0}, '2': {'precision': 0.9419795221843004, 'recall': 0.9822064056939501, 'f1-score': 0.9616724738675958, 'support': 562.0}, '3': {'precision': 0.9423791821561338, 'recall': 0.9218181818181819, 'f1-score': 0.9319852941176471, 'support': 550.0}, '4': {'precision': 0.9375, 'recall': 0.9149722735674677, 'f1-score': 0.9260991580916744, 'support': 541.0}, '5': {'precision': 0.9316037735849056, 'recall': 0.9327036599763873, 'f1-score': 0.9321533923303835, 'support': 847.0}, '6': {'precision': 0.9326788218793829, 'recall': 0.9185082872928176, 'f1-score': 0.9255393180236604, 'support': 724.0}, '7': {'precision': 0.9792452830188679, 'recall': 0.9923518164435946, 'f1-score': 0.9857549857549858, 'support': 523.0}, '8': {'precision': 0.9739413680781759, 'recall': 0.9552715654952076, 'f1-score': 0.964516129032258, 'support': 626.0}, 'accuracy': 0.9405869720830351, 'macro avg': {'precision': 0.940110684632016, 'recall': 0.9435250141859921, 'f1-score': 0.941516021007766, 'support': 5588.0}, 'weighted avg': {'precision': 0.9409846920521103, 'recall': 0.9405869720830351, 'f1-score': 0.9405439357485599, 'support': 5588.0}}"
K-Nearest Neighbors,PCA_75,Expression,0.9418396564065855,0.9421797720536265,0.9418396564065855,0.9418074696577253,22348,5588,KNeighborsClassifier(),"{'0': {'precision': 0.8876889848812095, 'recall': 0.9625292740046838, 'f1-score': 0.9235955056179775, 'support': 427.0}, '1': {'precision': 0.9412532637075718, 'recall': 0.9149746192893401, 'f1-score': 0.9279279279279279, 'support': 788.0}, '2': {'precision': 0.9432989690721649, 'recall': 0.9768683274021353, 'f1-score': 0.9597902097902098, 'support': 562.0}, '3': {'precision': 0.9375, 'recall': 0.9272727272727272, 'f1-score': 0.9323583180987203, 'support': 550.0}, '4': {'precision': 0.9377358490566038, 'recall': 0.9186691312384473, 'f1-score': 0.9281045751633987, 'support': 541.0}, '5': {'precision': 0.933806146572104, 'recall': 0.9327036599763873, 'f1-score': 0.9332545776727702, 'support': 847.0}, '6': {'precision': 0.938288920056101, 'recall': 0.9240331491712708, 'f1-score': 0.9311064718162839, 'support': 724.0}, '7': {'precision': 0.9792060491493384, 'recall': 0.9904397705544933, 'f1-score': 0.9847908745247148, 'support': 523.0}, '8': {'precision': 0.9723577235772358, 'recall': 0.9552715654952076, 'f1-score': 0.9637389202256245, 'support': 626.0}, 'accuracy': 0.9418396564065855, 'macro avg': {'precision': 0.9412373228969254, 'recall': 0.944751358267188, 'f1-score': 0.9427408200930698, 'support': 5588.0}, 'weighted avg': {'precision': 0.9421797720536265, 'recall': 0.9418396564065855, 'f1-score': 0.9418074696577253, 'support': 5588.0}}"
K-Nearest Neighbors,KBest_100,Expression,0.9021116678596993,0.9037668047297608,0.9021116678596993,0.9021413471846137,22348,5588,KNeighborsClassifier(),"{'0': {'precision': 0.7784552845528455, 'recall': 0.8969555035128806, 'f1-score': 0.8335146898803046, 'support': 427.0}, '1': {'precision': 0.9276595744680851, 'recall': 0.8299492385786802, 'f1-score': 0.8760884125920965, 'support': 788.0}, '2': {'precision': 0.9389179755671903, 'recall': 0.9572953736654805, 'f1-score': 0.9480176211453745, 'support': 562.0}, '3': {'precision': 0.8780487804878049, 'recall': 0.9163636363636364, 'f1-score': 0.896797153024911, 'support': 550.0}, '4': {'precision': 0.9049429657794676, 'recall': 0.8798521256931608, 'f1-score': 0.8922211808809747, 'support': 541.0}, '5': {'precision': 0.9021479713603818, 'recall': 0.8925619834710744, 'f1-score': 0.8973293768545995, 'support': 847.0}, '6': {'precision': 0.8832630098452883, 'recall': 0.8674033149171271, 'f1-score': 0.8752613240418119, 'support': 724.0}, '7': {'precision': 0.9625468164794008, 'recall': 0.982791586998088, 'f1-score': 0.9725638599810785, 'support': 523.0}, '8': {'precision': 0.925984251968504, 'recall': 0.939297124600639, 'f1-score': 0.9325931800158604, 'support': 626.0}, 'accuracy': 0.9021116678596993, 'macro avg': {'precision': 0.9002185145009965, 'recall': 0.9069410986445298, 'f1-score': 0.9027096442685569, 'support': 5588.0}, 'weighted avg': {'precision': 0.9037668047297608, 'recall': 0.9021116678596993, 'f1-score': 0.9021413471846137, 'support': 5588.0}}"
K-Nearest Neighbors,All_Features,Label,0.9090909090909091,0.906423034330011,0.8284412955465587,0.8656795346377578,22348,5588,KNeighborsClassifier(),"{'0': {'precision': 0.9103648863035431, 'recall': 0.9532115171650055, 'f1-score': 0.9312956451176629, 'support': 3612.0}, '1': {'precision': 0.906423034330011, 'recall': 0.8284412955465587, 'f1-score': 0.8656795346377578, 'support': 1976.0}, 'accuracy': 0.9090909090909091, 'macro avg': {'precision': 0.908393960316777, 'recall': 0.890826406355782, 'f1-score': 0.8984875898777104, 'support': 5588.0}, 'weighted avg': {'precision': 0.908970988755279, 'recall': 0.9090909090909091, 'f1-score': 0.9080928114905525, 'support': 5588.0}}"
K-Nearest Neighbors,PCA_75,Label,0.908554044380816,0.9040264754550469,0.8294534412955465,0.8651359197677487,22348,5588,KNeighborsClassifier(),"{'0': {'precision': 0.9107284768211921, 'recall': 0.9518272425249169, 'f1-score': 0.9308244212806281, 'support': 3612.0}, '1': {'precision': 0.9040264754550469, 'recall': 0.8294534412955465, 'f1-score': 0.8651359197677487, 'support': 1976.0}, 'accuracy': 0.908554044380816, 'macro avg': {'precision': 0.9073774761381195, 'recall': 0.8906403419102318, 'f1-score': 0.8979801705241884, 'support': 5588.0}, 'weighted avg': {'precision': 0.9083585493517033, 'recall': 0.908554044380816, 'f1-score': 0.9075959891064246, 'support': 5588.0}}"
K-Nearest Neighbors,KBest_100,Label,0.9139226914817467,0.9082468596395412,0.8415991902834008,0.8736537956396112,22348,5588,KNeighborsClassifier(),"{'0': {'precision': 0.9166888474846953, 'recall': 0.9534883720930233, 'f1-score': 0.9347265571990773, 'support': 3612.0}, '1': {'precision': 0.9082468596395412, 'recall': 0.8415991902834008, 'f1-score': 0.8736537956396112, 'support': 1976.0}, 'accuracy': 0.9139226914817467, 'macro avg': {'precision': 0.9124678535621182, 'recall': 0.8975437811882121, 'f1-score': 0.9041901764193443, 'support': 5588.0}, 'weighted avg': {'precision': 0.9137036348894869, 'recall': 0.9139226914817467, 'f1-score': 0.9131303193963742, 'support': 5588.0}}"
Decision Tree,All_Features,Expression,0.8960272011453114,0.8964778716602775,0.8960272011453114,0.8960688310173193,22348,5588,"DecisionTreeClassifier(max_depth=15, random_state=42)","{'0': {'precision': 0.8497652582159625, 'recall': 0.8477751756440282, 'f1-score': 0.8487690504103166, 'support': 427.0}, '1': {'precision': 0.8974700399467377, 'recall': 0.8553299492385786, 'f1-score': 0.875893437296946, 'support': 788.0}, '2': {'precision': 0.9364791288566243, 'recall': 0.9181494661921709, 'f1-score': 0.9272237196765498, 'support': 562.0}, '3': {'precision': 0.8568965517241379, 'recall': 0.9036363636363637, 'f1-score': 0.879646017699115, 'support': 550.0}, '4': {'precision': 0.8828996282527881, 'recall': 0.878003696857671, 'f1-score': 0.8804448563484708, 'support': 541.0}, '5': {'precision': 0.8937947494033412, 'recall': 0.8842975206611571, 'f1-score': 0.8890207715133531, 'support': 847.0}, '6': {'precision': 0.853887399463807, 'recall': 0.8798342541436464, 'f1-score': 0.8666666666666667, 'support': 724.0}, '7': {'precision': 0.9807321772639692, 'recall': 0.9732313575525813, 'f1-score': 0.9769673704414588, 'support': 523.0}, '8': {'precision': 0.92018779342723, 'recall': 0.939297124600639, 'f1-score': 0.9296442687747035, 'support': 626.0}, 'accuracy': 0.8960272011453114, 'macro avg': {'precision': 0.896901414061622, 'recall': 0.8977283231696485, 'f1-score': 0.8971417954252866, 'support': 5588.0}, 'weighted avg': {'precision': 0.8964778716602775, 'recall': 0.8960272011453114, 'f1-score': 0.8960688310173193, 'support': 5588.0}}"
Decision Tree,PCA_75,Expression,0.8255189692197566,0.8262831439602405,0.8255189692197566,0.8256292666277107,22348,5588,"DecisionTreeClassifier(max_depth=15, random_state=42)","{'0': {'precision': 0.7990314769975787, 'recall': 0.7728337236533958, 'f1-score': 0.7857142857142857, 'support': 427.0}, '1': {'precision': 0.7821782178217822, 'recall': 0.8020304568527918, 'f1-score': 0.7919799498746867, 'support': 788.0}, '2': {'precision': 0.8321678321678322, 'recall': 0.8469750889679716, 'f1-score': 0.8395061728395061, 'support': 562.0}, '3': {'precision': 0.7847222222222222, 'recall': 0.8218181818181818, 'f1-score': 0.8028419182948491, 'support': 550.0}, '4': {'precision': 0.7928994082840237, 'recall': 0.7430683918669131, 'f1-score': 0.767175572519084, 'support': 541.0}, '5': {'precision': 0.8123515439429929, 'recall': 0.807556080283353, 'f1-score': 0.8099467140319716, 'support': 847.0}, '6': {'precision': 0.8005284015852048, 'recall': 0.8370165745856354, 'f1-score': 0.8183659689399054, 'support': 724.0}, '7': {'precision': 0.9572815533980582, 'recall': 0.9426386233269598, 'f1-score': 0.9499036608863198, 'support': 523.0}, '8': {'precision': 0.8996655518394648, 'recall': 0.8594249201277955, 'f1-score': 0.8790849673202614, 'support': 626.0}, 'accuracy': 0.8255189692197566, 'macro avg': {'precision': 0.8289806898065732, 'recall': 0.825929115720333, 'f1-score': 0.8271688011578744, 'support': 5588.0}, 'weighted avg': {'precision': 0.8262831439602405, 'recall': 0.8255189692197566, 'f1-score': 0.8256292666277107, 'support': 5588.0}}"
Decision Tree,KBest_100,Expression,0.8203292770221904,0.8231787280742946,0.8203292770221904,0.8208475290304748,22348,5588,"DecisionTreeClassifier(max_depth=15, random_state=42)","{'0': {'precision': 0.6857142857142857, 'recall': 0.7306791569086651, 'f1-score': 0.7074829931972789, 'support': 427.0}, '1': {'precision': 0.7214285714285714, 'recall': 0.7690355329949239, 'f1-score': 0.7444717444717445, 'support': 788.0}, '2': {'precision': 0.9251824817518248, 'recall': 0.902135231316726, 'f1-score': 0.9135135135135135, 'support': 562.0}, '3': {'precision': 0.7724957555178268, 'recall': 0.8272727272727273, 'f1-score': 0.7989464442493416, 'support': 550.0}, '4': {'precision': 0.8003597122302158, 'recall': 0.822550831792976, 'f1-score': 0.8113035551504102, 'support': 541.0}, '5': {'precision': 0.806831566548881, 'recall': 0.8087367178276269, 'f1-score': 0.8077830188679245, 'support': 847.0}, '6': {'precision': 0.8336025848142165, 'recall': 0.712707182320442, 'f1-score': 0.7684288905435592, 'support': 724.0}, '7': {'precision': 0.9631067961165048, 'recall': 0.9483747609942639, 'f1-score': 0.9556840077071291, 'support': 523.0}, '8': {'precision': 0.9108589951377634, 'recall': 0.8977635782747604, 'f1-score': 0.9042638777152051, 'support': 626.0}, 'accuracy': 0.8203292770221904, 'macro avg': {'precision': 0.8243978610288989, 'recall': 0.824361746633679, 'f1-score': 0.8235420050462341, 'support': 5588.0}, 'weighted avg': {'precision': 0.8231787280742946, 'recall': 0.8203292770221904, 'f1-score': 0.8208475290304748, 'support': 5588.0}}"
Decision Tree,All_Features,Label,0.8938797423049392,0.8760195758564437,0.8152834008097166,0.8445609436435124,22348,5588,"DecisionTreeClassifier(max_depth=15, random_state=42)","{'0': {'precision': 0.9026407041877834, 'recall': 0.9368770764119602, 'f1-score': 0.9194402934383915, 'support': 3612.0}, '1': {'precision': 0.8760195758564437, 'recall': 0.8152834008097166, 'f1-score': 0.8445609436435124, 'support': 1976.0}, 'accuracy': 0.8938797423049392, 'macro avg': {'precision': 0.8893301400221136, 'recall': 0.8760802386108384, 'f1-score': 0.8820006185409519, 'support': 5588.0}, 'weighted avg': {'precision': 0.8932270768465652, 'recall': 0.8938797423049392, 'f1-score': 0.8929618404686919, 'support': 5588.0}}"
Decision Tree,PCA_75,Label,0.851109520400859,0.8283582089552238,0.7302631578947368,0.7762237762237763,22348,5588,"DecisionTreeClassifier(max_depth=15, random_state=42)","{'0': {'precision': 0.8614144565782631, 'recall': 0.917220376522702, 'f1-score': 0.8884419415392867, 'support': 3612.0}, '1': {'precision': 0.8283582089552238, 'recall': 0.7302631578947368, 'f1-score': 0.7762237762237763, 'support': 1976.0}, 'accuracy': 0.851109520400859, 'macro avg': {'precision': 0.8448863327667435, 'recall': 0.8237417672087195, 'f1-score': 0.8323328588815315, 'support': 5588.0}, 'weighted avg': {'precision': 0.8497252752427001, 'recall': 0.851109520400859, 'f1-score': 0.848759927462077, 'support': 5588.0}}"
Decision Tree,KBest_100,Label,0.8915533285612026,0.8776185226019846,0.805668016194332,0.8401055408970977,22348,5588,"DecisionTreeClassifier(max_depth=15, random_state=42)","{'0': {'precision': 0.8982511923688394, 'recall': 0.9385382059800664, 'f1-score': 0.9179528838342811, 'support': 3612.0}, '1': {'precision': 0.8776185226019846, 'recall': 0.805668016194332, 'f1-score': 0.8401055408970977, 'support': 1976.0}, 'accuracy': 0.8915533285612026, 'macro avg': {'precision': 0.887934857485412, 'recall': 0.8721031110871993, 'f1-score': 0.8790292123656893, 'support': 5588.0}, 'weighted avg': {'precision': 0.89095517313847, 'recall': 0.8915533285612026, 'f1-score': 0.8904249042988704, 'support': 5588.0}}"
Support Vector Machine,All_Features,Expression,0.9053328561202577,0.9060984939948714,0.9053328561202577,0.9054805992845387,22348,5588,SVC(random_state=42),"{'0': {'precision': 0.8329621380846325, 'recall': 0.8758782201405152, 'f1-score': 0.8538812785388128, 'support': 427.0}, '1': {'precision': 0.8969849246231156, 'recall': 0.9060913705583756, 'f1-score': 0.9015151515151515, 'support': 788.0}, '2': {'precision': 0.943609022556391, 'recall': 0.8932384341637011, 'f1-score': 0.9177330895795247, 'support': 562.0}, '3': {'precision': 0.9398058252427185, 'recall': 0.88, 'f1-score': 0.9089201877934272, 'support': 550.0}, '4': {'precision': 0.8860294117647058, 'recall': 0.8909426987060998, 'f1-score': 0.8884792626728111, 'support': 541.0}, '5': {'precision': 0.889281507656066, 'recall': 0.8913813459268005, 'f1-score': 0.8903301886792453, 'support': 847.0}, '6': {'precision': 0.8707940780619112, 'recall': 0.893646408839779, 'f1-score': 0.8820722563053851, 'support': 724.0}, '7': {'precision': 0.9659090909090909, 'recall': 0.9751434034416826, 'f1-score': 0.9705042816365367, 'support': 523.0}, '8': {'precision': 0.935126582278481, 'recall': 0.9440894568690096, 'f1-score': 0.9395866454689984, 'support': 626.0}, 'accuracy': 0.9053328561202577, 'macro avg': {'precision': 0.9067225090196792, 'recall': 0.9056012598495516, 'f1-score': 0.9058913713544325, 'support': 5588.0}, 'weighted avg': {'precision': 0.9060984939948714, 'recall': 0.9053328561202577, 'f1-score': 0.9054805992845387, 'support': 5588.0}}"
Support Vector Machine,PCA_75,Expression,0.901395848246242,0.9022794998260028,0.901395848246242,0.9015756218473797,22348,5588,SVC(random_state=42),"{'0': {'precision': 0.8226164079822617, 'recall': 0.8688524590163934, 'f1-score': 0.8451025056947609, 'support': 427.0}, '1': {'precision': 0.9007633587786259, 'recall': 0.8984771573604061, 'f1-score': 0.8996188055908514, 'support': 788.0}, '2': {'precision': 0.9400749063670412, 'recall': 0.8932384341637011, 'f1-score': 0.916058394160584, 'support': 562.0}, '3': {'precision': 0.9377431906614786, 'recall': 0.8763636363636363, 'f1-score': 0.9060150375939849, 'support': 550.0}, '4': {'precision': 0.8833333333333333, 'recall': 0.8817005545286506, 'f1-score': 0.8825161887141536, 'support': 541.0}, '5': {'precision': 0.885478158205431, 'recall': 0.885478158205431, 'f1-score': 0.885478158205431, 'support': 847.0}, '6': {'precision': 0.8579017264276229, 'recall': 0.8922651933701657, 'f1-score': 0.8747461069735951, 'support': 724.0}, '7': {'precision': 0.9659090909090909, 'recall': 0.9751434034416826, 'f1-score': 0.9705042816365367, 'support': 523.0}, '8': {'precision': 0.9307086614173228, 'recall': 0.9440894568690096, 'f1-score': 0.9373513084853291, 'support': 626.0}, 'accuracy': 0.901395848246242, 'macro avg': {'precision': 0.9027254260091344, 'recall': 0.9017342725910085, 'f1-score': 0.9019323096728029, 'support': 5588.0}, 'weighted avg': {'precision': 0.9022794998260028, 'recall': 0.901395848246242, 'f1-score': 0.9015756218473797, 'support': 5588.0}}"
Support Vector Machine,KBest_100,Expression,0.7553686471009305,0.7608106670733698,0.7553686471009305,0.7569733683752055,22348,5588,SVC(random_state=42),"{'0': {'precision': 0.6029723991507431, 'recall': 0.6651053864168618, 'f1-score': 0.6325167037861915, 'support': 427.0}, '1': {'precision': 0.7133592736705577, 'recall': 0.6979695431472082, 'f1-score': 0.7055805003207184, 'support': 788.0}, '2': {'precision': 0.95, 'recall': 0.8451957295373665, 'f1-score': 0.8945386064030132, 'support': 562.0}, '3': {'precision': 0.797938144329897, 'recall': 0.7036363636363636, 'f1-score': 0.7478260869565218, 'support': 550.0}, '4': {'precision': 0.6954397394136808, 'recall': 0.789279112754159, 'f1-score': 0.7393939393939394, 'support': 541.0}, '5': {'precision': 0.7212918660287081, 'recall': 0.7119244391971665, 'f1-score': 0.7165775401069518, 'support': 847.0}, '6': {'precision': 0.6640522875816993, 'recall': 0.7016574585635359, 'f1-score': 0.6823371390194761, 'support': 724.0}, '7': {'precision': 0.9191321499013807, 'recall': 0.8910133843212237, 'f1-score': 0.9048543689320389, 'support': 523.0}, '8': {'precision': 0.8153364632237872, 'recall': 0.8322683706070287, 'f1-score': 0.8237154150197629, 'support': 626.0}, 'accuracy': 0.7553686471009305, 'macro avg': {'precision': 0.764391369255606, 'recall': 0.7597833097978793, 'f1-score': 0.7608155888820681, 'support': 5588.0}, 'weighted avg': {'precision': 0.7608106670733698, 'recall': 0.7553686471009305, 'f1-score': 0.7569733683752055, 'support': 5588.0}}"
Support Vector Machine,All_Features,Label,0.8854688618468146,0.8966745843230404,0.7641700404858299,0.825136612021858,22348,5588,SVC(random_state=42),"{'0': {'precision': 0.8806352459016393, 'recall': 0.9518272425249169, 'f1-score': 0.9148483235763704, 'support': 3612.0}, '1': {'precision': 0.8966745843230404, 'recall': 0.7641700404858299, 'f1-score': 0.825136612021858, 'support': 1976.0}, 'accuracy': 0.8854688618468146, 'macro avg': {'precision': 0.8886549151123398, 'recall': 0.8579986415053734, 'f1-score': 0.8699924677991142, 'support': 5588.0}, 'weighted avg': {'precision': 0.8863069947779257, 'recall': 0.8854688618468146, 'f1-score': 0.8831249266487188, 'support': 5588.0}}"
Support Vector Machine,PCA_75,Label,0.8849319971367215,0.8974358974358975,0.7616396761133604,0.823980290172461,22348,5588,SVC(random_state=42),"{'0': {'precision': 0.879570442342112, 'recall': 0.9523809523809523, 'f1-score': 0.9145287784128672, 'support': 3612.0}, '1': {'precision': 0.8974358974358975, 'recall': 0.7616396761133604, 'f1-score': 0.823980290172461, 'support': 1976.0}, 'accuracy': 0.8849319971367215, 'macro avg': {'precision': 0.8885031698890047, 'recall': 0.8570103142471563, 'f1-score': 0.8692545342926641, 'support': 5588.0}, 'weighted avg': {'precision': 0.8858879332628923, 'recall': 0.8849319971367215, 'f1-score': 0.8825094847902755, 'support': 5588.0}}"
Support Vector Machine,KBest_100,Label,0.8695418754473873,0.8731298623578695,0.7383603238866396,0.8001096791883741,22348,5588,SVC(random_state=42),"{'0': {'precision': 0.8680112330865458, 'recall': 0.9413067552602437, 'f1-score': 0.9031743923495816, 'support': 3612.0}, '1': {'precision': 0.8731298623578695, 'recall': 0.7383603238866396, 'f1-score': 0.8001096791883741, 'support': 1976.0}, 'accuracy': 0.8695418754473873, 'macro avg': {'precision': 0.8705705477222077, 'recall': 0.8398335395734416, 'f1-score': 0.8516420357689778, 'support': 5588.0}, 'weighted avg': {'precision': 0.8698212566084026, 'recall': 0.8695418754473873, 'f1-score': 0.8667291752403214, 'support': 5588.0}}"
Neural Network (MLP),All_Features,Expression,0.9729778095919828,0.9731421817719039,0.9729778095919828,0.9729947534383421,22348,5588,"MLPClassifier(activation='tanh', hidden_layer_sizes=(200, 100, 50),
              max_iter=500, random_state=42)","{'0': {'precision': 0.9375, 'recall': 0.9836065573770492, 'f1-score': 0.96, 'support': 427.0}, '1': {'precision': 0.9672544080604534, 'recall': 0.9746192893401016, 'f1-score': 0.9709228824273072, 'support': 788.0}, '2': {'precision': 0.9736379613356766, 'recall': 0.9857651245551602, 'f1-score': 0.9796640141467727, 'support': 562.0}, '3': {'precision': 0.9669724770642202, 'recall': 0.9581818181818181, 'f1-score': 0.9625570776255707, 'support': 550.0}, '4': {'precision': 0.9814814814814815, 'recall': 0.9796672828096118, 'f1-score': 0.9805735430157262, 'support': 541.0}, '5': {'precision': 0.978391356542617, 'recall': 0.9622195985832349, 'f1-score': 0.9702380952380952, 'support': 847.0}, '6': {'precision': 0.9707112970711297, 'recall': 0.9613259668508287, 'f1-score': 0.9659958362248439, 'support': 724.0}, '7': {'precision': 0.9922928709055877, 'recall': 0.9847036328871893, 'f1-score': 0.9884836852207294, 'support': 523.0}, '8': {'precision': 0.9823434991974318, 'recall': 0.9776357827476039, 'f1-score': 0.9799839871897518, 'support': 626.0}, 'accuracy': 0.9729778095919828, 'macro avg': {'precision': 0.9722872612953998, 'recall': 0.9741916725925108, 'f1-score': 0.9731576801209774, 'support': 5588.0}, 'weighted avg': {'precision': 0.9731421817719039, 'recall': 0.9729778095919828, 'f1-score': 0.9729947534383421, 'support': 5588.0}}"
Neural Network (MLP),PCA_75,Expression,0.9817465998568361,0.9817697395384174,0.9817465998568361,0.9817422553712422,22348,5588,"MLPClassifier(activation='tanh', hidden_layer_sizes=(200, 100, 50),
              max_iter=500, random_state=42)","{'0': {'precision': 0.9767441860465116, 'recall': 0.9836065573770492, 'f1-score': 0.9801633605600933, 'support': 427.0}, '1': {'precision': 0.9785082174462706, 'recall': 0.9822335025380711, 'f1-score': 0.980367321089297, 'support': 788.0}, '2': {'precision': 0.9928825622775801, 'recall': 0.9928825622775801, 'f1-score': 0.9928825622775801, 'support': 562.0}, '3': {'precision': 0.9763636363636363, 'recall': 0.9763636363636363, 'f1-score': 0.9763636363636363, 'support': 550.0}, '4': {'precision': 0.9795918367346939, 'recall': 0.9759704251386322, 'f1-score': 0.9777777777777777, 'support': 541.0}, '5': {'precision': 0.9821640903686087, 'recall': 0.9752066115702479, 'f1-score': 0.9786729857819905, 'support': 847.0}, '6': {'precision': 0.9726775956284153, 'recall': 0.9834254143646409, 'f1-score': 0.978021978021978, 'support': 724.0}, '7': {'precision': 0.9905123339658444, 'recall': 0.9980879541108987, 'f1-score': 0.9942857142857143, 'support': 523.0}, '8': {'precision': 0.9886363636363636, 'recall': 0.9728434504792333, 'f1-score': 0.9806763285024155, 'support': 626.0}, 'accuracy': 0.9817465998568361, 'macro avg': {'precision': 0.9820089802742138, 'recall': 0.9822911238022211, 'f1-score': 0.9821346294067204, 'support': 5588.0}, 'weighted avg': {'precision': 0.9817697395384174, 'recall': 0.9817465998568361, 'f1-score': 0.9817422553712422, 'support': 5588.0}}"
Neural Network (MLP),KBest_100,Expression,0.9593772369362921,0.959897021251045,0.9593772369362921,0.9594970402257958,22348,5588,"MLPClassifier(activation='tanh', hidden_layer_sizes=(200, 100, 50),
              max_iter=500, random_state=42)","{'0': {'precision': 0.9050772626931567, 'recall': 0.9601873536299765, 'f1-score': 0.9318181818181818, 'support': 427.0}, '1': {'precision': 0.9534591194968554, 'recall': 0.9619289340101523, 'f1-score': 0.9576753000631711, 'support': 788.0}, '2': {'precision': 0.9928057553956835, 'recall': 0.9822064056939501, 'f1-score': 0.9874776386404294, 'support': 562.0}, '3': {'precision': 0.9703153988868275, 'recall': 0.9509090909090909, 'f1-score': 0.960514233241506, 'support': 550.0}, '4': {'precision': 0.9476534296028881, 'recall': 0.9704251386321626, 'f1-score': 0.958904109589041, 'support': 541.0}, '5': {'precision': 0.9682926829268292, 'recall': 0.9374262101534829, 'f1-score': 0.9526094781043791, 'support': 847.0}, '6': {'precision': 0.9140518417462483, 'recall': 0.925414364640884, 'f1-score': 0.9196980096087852, 'support': 724.0}, '7': {'precision': 0.9961685823754789, 'recall': 0.994263862332696, 'f1-score': 0.9952153110047847, 'support': 523.0}, '8': {'precision': 0.9886363636363636, 'recall': 0.9728434504792333, 'f1-score': 0.9806763285024155, 'support': 626.0}, 'accuracy': 0.9593772369362921, 'macro avg': {'precision': 0.9596067151955923, 'recall': 0.9617338678312921, 'f1-score': 0.960509843396966, 'support': 5588.0}, 'weighted avg': {'precision': 0.959897021251045, 'recall': 0.9593772369362921, 'f1-score': 0.9594970402257958, 'support': 5588.0}}"
Neural Network (MLP),All_Features,Label,0.940050107372942,0.9399463806970509,0.8871457489878543,0.9127831293933871,22348,5588,"MLPClassifier(activation='tanh', hidden_layer_sizes=(200, 100, 50),
              max_iter=500, random_state=42)","{'0': {'precision': 0.9401020682245501, 'recall': 0.9689922480620154, 'f1-score': 0.9543285616905249, 'support': 3612.0}, '1': {'precision': 0.9399463806970509, 'recall': 0.8871457489878543, 'f1-score': 0.9127831293933871, 'support': 1976.0}, 'accuracy': 0.940050107372942, 'macro avg': {'precision': 0.9400242244608006, 'recall': 0.9280689985249349, 'f1-score': 0.933555845541956, 'support': 5588.0}, 'weighted avg': {'precision': 0.9400470147967873, 'recall': 0.940050107372942, 'f1-score': 0.9396374782583231, 'support': 5588.0}}"
Neural Network (MLP),PCA_75,Label,0.9368289191123836,0.921996879875195,0.8972672064777328,0.9094639651192613,22348,5588,"MLPClassifier(activation='tanh', hidden_layer_sizes=(200, 100, 50),
              max_iter=500, random_state=42)","{'0': {'precision': 0.9446111869031378, 'recall': 0.9584717607973422, 'f1-score': 0.9514909990380651, 'support': 3612.0}, '1': {'precision': 0.921996879875195, 'recall': 0.8972672064777328, 'f1-score': 0.9094639651192613, 'support': 1976.0}, 'accuracy': 0.9368289191123836, 'macro avg': {'precision': 0.9333040333891665, 'recall': 0.9278694836375375, 'f1-score': 0.9304774820786632, 'support': 5588.0}, 'weighted avg': {'precision': 0.9366144312325553, 'recall': 0.9368289191123836, 'f1-score': 0.9366296141018524, 'support': 5588.0}}"
Neural Network (MLP),KBest_100,Label,0.9345025053686471,0.909877800407332,0.9043522267206477,0.9071065989847715,22348,5588,"MLPClassifier(activation='tanh', hidden_layer_sizes=(200, 100, 50),
              max_iter=500, random_state=42)","{'0': {'precision': 0.9478476821192053, 'recall': 0.9509966777408638, 'f1-score': 0.9494195688225538, 'support': 3612.0}, '1': {'precision': 0.909877800407332, 'recall': 0.9043522267206477, 'f1-score': 0.9071065989847715, 'support': 1976.0}, 'accuracy': 0.9345025053686471, 'macro avg': {'precision': 0.9288627412632686, 'recall': 0.9276744522307558, 'f1-score': 0.9282630839036627, 'support': 5588.0}, 'weighted avg': {'precision': 0.934420966610497, 'recall': 0.9345025053686471, 'f1-score': 0.9344570726880769, 'support': 5588.0}}"
